week_ending,strategy,attack_count,total_attacks,percent_of_attacks
2023-06-18 00:00:00+00:00,repeated_character_prefix,0,455,0.0
2023-06-18 00:00:00+00:00,artisanlib,0,455,0.0
2023-06-18 00:00:00+00:00,role_play_framing,18,455,3.956043956043956
2023-06-18 00:00:00+00:00,instruction_override,118,455,25.934065934065934
2023-06-18 00:00:00+00:00,direct_request,352,455,77.36263736263736
2023-06-18 00:00:00+00:00,code_or_pseudocode,110,455,24.175824175824175
2023-06-18 00:00:00+00:00,encoded_input,6,455,1.3186813186813187
2023-06-18 00:00:00+00:00,few_shot_examples,41,455,9.010989010989011
2023-06-25 00:00:00+00:00,repeated_character_prefix,8,736,1.0869565217391304
2023-06-25 00:00:00+00:00,artisanlib,0,736,0.0
2023-06-25 00:00:00+00:00,role_play_framing,25,736,3.3967391304347827
2023-06-25 00:00:00+00:00,instruction_override,91,736,12.36413043478261
2023-06-25 00:00:00+00:00,direct_request,521,736,70.78804347826087
2023-06-25 00:00:00+00:00,code_or_pseudocode,106,736,14.402173913043478
2023-06-25 00:00:00+00:00,encoded_input,1,736,0.1358695652173913
2023-06-25 00:00:00+00:00,few_shot_examples,46,736,6.25
2023-07-02 00:00:00+00:00,repeated_character_prefix,0,32,0.0
2023-07-02 00:00:00+00:00,artisanlib,0,32,0.0
2023-07-02 00:00:00+00:00,role_play_framing,0,32,0.0
2023-07-02 00:00:00+00:00,instruction_override,1,32,3.125
2023-07-02 00:00:00+00:00,direct_request,13,32,40.625
2023-07-02 00:00:00+00:00,code_or_pseudocode,5,32,15.625
2023-07-02 00:00:00+00:00,encoded_input,0,32,0.0
2023-07-02 00:00:00+00:00,few_shot_examples,0,32,0.0
2023-07-09 00:00:00+00:00,repeated_character_prefix,0,2,0.0
2023-07-09 00:00:00+00:00,artisanlib,0,2,0.0
2023-07-09 00:00:00+00:00,role_play_framing,0,2,0.0
2023-07-09 00:00:00+00:00,instruction_override,1,2,50.0
2023-07-09 00:00:00+00:00,direct_request,2,2,100.0
2023-07-09 00:00:00+00:00,code_or_pseudocode,0,2,0.0
2023-07-09 00:00:00+00:00,encoded_input,0,2,0.0
2023-07-09 00:00:00+00:00,few_shot_examples,0,2,0.0
2023-07-16 00:00:00+00:00,repeated_character_prefix,0,202,0.0
2023-07-16 00:00:00+00:00,artisanlib,0,202,0.0
2023-07-16 00:00:00+00:00,role_play_framing,3,202,1.4851485148514851
2023-07-16 00:00:00+00:00,instruction_override,26,202,12.871287128712872
2023-07-16 00:00:00+00:00,direct_request,131,202,64.85148514851485
2023-07-16 00:00:00+00:00,code_or_pseudocode,58,202,28.712871287128714
2023-07-16 00:00:00+00:00,encoded_input,1,202,0.49504950495049505
2023-07-16 00:00:00+00:00,few_shot_examples,21,202,10.396039603960396
2023-07-23 00:00:00+00:00,repeated_character_prefix,22,237,9.282700421940929
2023-07-23 00:00:00+00:00,artisanlib,0,237,0.0
2023-07-23 00:00:00+00:00,role_play_framing,7,237,2.9535864978902953
2023-07-23 00:00:00+00:00,instruction_override,38,237,16.033755274261605
2023-07-23 00:00:00+00:00,direct_request,191,237,80.59071729957806
2023-07-23 00:00:00+00:00,code_or_pseudocode,36,237,15.189873417721518
2023-07-23 00:00:00+00:00,encoded_input,4,237,1.6877637130801688
2023-07-23 00:00:00+00:00,few_shot_examples,13,237,5.485232067510548
2023-07-30 00:00:00+00:00,repeated_character_prefix,235,6000,3.9166666666666665
2023-07-30 00:00:00+00:00,artisanlib,0,6000,0.0
2023-07-30 00:00:00+00:00,role_play_framing,745,6000,12.416666666666666
2023-07-30 00:00:00+00:00,instruction_override,701,6000,11.683333333333334
2023-07-30 00:00:00+00:00,direct_request,3623,6000,60.38333333333333
2023-07-30 00:00:00+00:00,code_or_pseudocode,889,6000,14.816666666666666
2023-07-30 00:00:00+00:00,encoded_input,30,6000,0.5
2023-07-30 00:00:00+00:00,few_shot_examples,393,6000,6.55
2023-08-06 00:00:00+00:00,repeated_character_prefix,834,11669,7.147142000171394
2023-08-06 00:00:00+00:00,artisanlib,0,11669,0.0
2023-08-06 00:00:00+00:00,role_play_framing,1257,11669,10.772131288028108
2023-08-06 00:00:00+00:00,instruction_override,1027,11669,8.801096923472448
2023-08-06 00:00:00+00:00,direct_request,5447,11669,46.67923558145514
2023-08-06 00:00:00+00:00,code_or_pseudocode,1863,11669,15.96537835290085
2023-08-06 00:00:00+00:00,encoded_input,301,11669,2.579484103179364
2023-08-06 00:00:00+00:00,few_shot_examples,941,11669,8.064101465421201
2023-08-13 00:00:00+00:00,repeated_character_prefix,5313,31653,16.785138849398162
2023-08-13 00:00:00+00:00,artisanlib,1,31653,0.0031592582061731904
2023-08-13 00:00:00+00:00,role_play_framing,1098,31653,3.4688655103781634
2023-08-13 00:00:00+00:00,instruction_override,1944,31653,6.141597952800683
2023-08-13 00:00:00+00:00,direct_request,18168,31653,57.397403089754526
2023-08-13 00:00:00+00:00,code_or_pseudocode,7062,31653,22.310681451995073
2023-08-13 00:00:00+00:00,encoded_input,1698,31653,5.364420434082078
2023-08-13 00:00:00+00:00,few_shot_examples,3391,31653,10.713044577133289
2023-08-20 00:00:00+00:00,repeated_character_prefix,2243,18961,11.829544855229155
2023-08-20 00:00:00+00:00,artisanlib,0,18961,0.0
2023-08-20 00:00:00+00:00,role_play_framing,522,18961,2.7530193555192235
2023-08-20 00:00:00+00:00,instruction_override,755,18961,3.9818574969674594
2023-08-20 00:00:00+00:00,direct_request,14010,18961,73.88850799008492
2023-08-20 00:00:00+00:00,code_or_pseudocode,4712,18961,24.851009967828702
2023-08-20 00:00:00+00:00,encoded_input,1933,18961,10.194609988924634
2023-08-20 00:00:00+00:00,few_shot_examples,3726,18961,19.650862296292388
2023-08-27 00:00:00+00:00,repeated_character_prefix,1171,20219,5.79158217518176
2023-08-27 00:00:00+00:00,artisanlib,0,20219,0.0
2023-08-27 00:00:00+00:00,role_play_framing,1294,20219,6.399920866511697
2023-08-27 00:00:00+00:00,instruction_override,258,20219,1.2760274988871854
2023-08-27 00:00:00+00:00,direct_request,11131,20219,55.05217864384984
2023-08-27 00:00:00+00:00,code_or_pseudocode,3197,20219,15.811860131559424
2023-08-27 00:00:00+00:00,encoded_input,1641,20219,8.116128394084772
2023-08-27 00:00:00+00:00,few_shot_examples,3545,20219,17.53301350215144
2023-09-03 00:00:00+00:00,repeated_character_prefix,625,16237,3.8492332327400383
2023-09-03 00:00:00+00:00,artisanlib,492,16237,3.030116400812958
2023-09-03 00:00:00+00:00,role_play_framing,305,16237,1.8784258175771387
2023-09-03 00:00:00+00:00,instruction_override,209,16237,1.2871835930282687
2023-09-03 00:00:00+00:00,direct_request,7881,16237,48.53729137155879
2023-09-03 00:00:00+00:00,code_or_pseudocode,1473,16237,9.071872882921722
2023-09-03 00:00:00+00:00,encoded_input,3988,16237,24.561187411467635
2023-09-03 00:00:00+00:00,few_shot_examples,1062,16237,6.5406171090718725
2023-09-10 00:00:00+00:00,repeated_character_prefix,847,16155,5.2429588362735995
2023-09-10 00:00:00+00:00,artisanlib,1003,16155,6.20860414732281
2023-09-10 00:00:00+00:00,role_play_framing,97,16155,0.6004333023831631
2023-09-10 00:00:00+00:00,instruction_override,119,16155,0.7366140513772825
2023-09-10 00:00:00+00:00,direct_request,8675,16155,53.69854534199938
2023-09-10 00:00:00+00:00,code_or_pseudocode,1148,16155,7.106159083874961
2023-09-10 00:00:00+00:00,encoded_input,8074,16155,49.97833488084184
2023-09-10 00:00:00+00:00,few_shot_examples,1799,16155,11.13587124729186
2023-09-17 00:00:00+00:00,repeated_character_prefix,186,5285,3.519394512771996
2023-09-17 00:00:00+00:00,artisanlib,545,5285,10.312204351939451
2023-09-17 00:00:00+00:00,role_play_framing,105,5285,1.9867549668874172
2023-09-17 00:00:00+00:00,instruction_override,37,5285,0.7000946073793756
2023-09-17 00:00:00+00:00,direct_request,1492,5285,28.230842005676443
2023-09-17 00:00:00+00:00,code_or_pseudocode,199,5285,3.7653736991485336
2023-09-17 00:00:00+00:00,encoded_input,1451,5285,27.455061494796595
2023-09-17 00:00:00+00:00,few_shot_examples,30,5285,0.5676442762535477
2023-09-24 00:00:00+00:00,repeated_character_prefix,89,5765,1.5437987857762359
2023-09-24 00:00:00+00:00,artisanlib,78,5765,1.3529921942758023
2023-09-24 00:00:00+00:00,role_play_framing,37,5765,0.6418039895923677
2023-09-24 00:00:00+00:00,instruction_override,44,5765,0.7632263660017347
2023-09-24 00:00:00+00:00,direct_request,2463,5765,42.72333044232437
2023-09-24 00:00:00+00:00,code_or_pseudocode,640,5765,11.101474414570685
2023-09-24 00:00:00+00:00,encoded_input,1310,5765,22.72333044232437
2023-09-24 00:00:00+00:00,few_shot_examples,211,5765,3.6600173460537726
2023-10-01 00:00:00+00:00,repeated_character_prefix,227,2977,7.625125965737319
2023-10-01 00:00:00+00:00,artisanlib,41,2977,1.3772253946926436
2023-10-01 00:00:00+00:00,role_play_framing,19,2977,0.6382264024185421
2023-10-01 00:00:00+00:00,instruction_override,89,2977,2.989586832381592
2023-10-01 00:00:00+00:00,direct_request,1541,2977,51.76352032247229
2023-10-01 00:00:00+00:00,code_or_pseudocode,251,2977,8.431306684581793
2023-10-01 00:00:00+00:00,encoded_input,168,2977,5.64326503191132
2023-10-01 00:00:00+00:00,few_shot_examples,70,2977,2.35136042996305
2023-10-08 00:00:00+00:00,repeated_character_prefix,117,1166,10.034305317324185
2023-10-08 00:00:00+00:00,artisanlib,48,1166,4.11663807890223
2023-10-08 00:00:00+00:00,role_play_framing,1,1166,0.08576329331046312
2023-10-08 00:00:00+00:00,instruction_override,37,1166,3.1732418524871355
2023-10-08 00:00:00+00:00,direct_request,610,1166,52.315608919382505
2023-10-08 00:00:00+00:00,code_or_pseudocode,191,1166,16.380789022298455
2023-10-08 00:00:00+00:00,encoded_input,42,1166,3.6020583190394513
2023-10-08 00:00:00+00:00,few_shot_examples,88,1166,7.547169811320755
2023-10-15 00:00:00+00:00,repeated_character_prefix,15,583,2.5728987993138936
2023-10-15 00:00:00+00:00,artisanlib,0,583,0.0
2023-10-15 00:00:00+00:00,role_play_framing,7,583,1.2006861063464838
2023-10-15 00:00:00+00:00,instruction_override,7,583,1.2006861063464838
2023-10-15 00:00:00+00:00,direct_request,336,583,57.63293310463122
2023-10-15 00:00:00+00:00,code_or_pseudocode,135,583,23.156089193825043
2023-10-15 00:00:00+00:00,encoded_input,14,583,2.4013722126929675
2023-10-15 00:00:00+00:00,few_shot_examples,6,583,1.0291595197255574
2023-10-22 00:00:00+00:00,repeated_character_prefix,948,35640,2.65993265993266
2023-10-22 00:00:00+00:00,artisanlib,46,35640,0.12906846240179573
2023-10-22 00:00:00+00:00,role_play_framing,272,35640,0.7631874298540965
2023-10-22 00:00:00+00:00,instruction_override,1036,35640,2.9068462401795734
2023-10-22 00:00:00+00:00,direct_request,18528,35640,51.986531986531986
2023-10-22 00:00:00+00:00,code_or_pseudocode,3228,35640,9.057239057239057
2023-10-22 00:00:00+00:00,encoded_input,1164,35640,3.265993265993266
2023-10-22 00:00:00+00:00,few_shot_examples,927,35640,2.601010101010101
2023-10-29 00:00:00+00:00,repeated_character_prefix,2300,86165,2.66929727847734
2023-10-29 00:00:00+00:00,artisanlib,2412,86165,2.7992804502988453
2023-10-29 00:00:00+00:00,role_play_framing,2268,86165,2.6321592293854814
2023-10-29 00:00:00+00:00,instruction_override,1921,86165,2.2294435095456393
2023-10-29 00:00:00+00:00,direct_request,41612,86165,48.293390587825684
2023-10-29 00:00:00+00:00,code_or_pseudocode,4999,86165,5.801659606568792
2023-10-29 00:00:00+00:00,encoded_input,10490,86165,12.174316717924912
2023-10-29 00:00:00+00:00,few_shot_examples,5613,86165,6.51424592351883
2023-11-05 00:00:00+00:00,repeated_character_prefix,360,11548,3.1174229303775545
2023-11-05 00:00:00+00:00,artisanlib,56,11548,0.4849324558365085
2023-11-05 00:00:00+00:00,role_play_framing,57,11548,0.4935919639764461
2023-11-05 00:00:00+00:00,instruction_override,124,11548,1.0737790093522688
2023-11-05 00:00:00+00:00,direct_request,5800,11548,50.22514721163838
2023-11-05 00:00:00+00:00,code_or_pseudocode,856,11548,7.41253896778663
2023-11-05 00:00:00+00:00,encoded_input,773,11548,6.693799792171805
2023-11-05 00:00:00+00:00,few_shot_examples,884,11548,7.655005195704884
2023-11-12 00:00:00+00:00,repeated_character_prefix,1779,22763,7.815314325879717
2023-11-12 00:00:00+00:00,artisanlib,316,22763,1.3882177217414224
2023-11-12 00:00:00+00:00,role_play_framing,125,22763,0.5491367570179677
2023-11-12 00:00:00+00:00,instruction_override,921,22763,4.046039625708387
2023-11-12 00:00:00+00:00,direct_request,9415,22763,41.36098053859333
2023-11-12 00:00:00+00:00,code_or_pseudocode,1820,22763,7.99543118218161
2023-11-12 00:00:00+00:00,encoded_input,1395,22763,6.12836620832052
2023-11-12 00:00:00+00:00,few_shot_examples,1667,22763,7.323287791591618
2023-11-19 00:00:00+00:00,repeated_character_prefix,3257,44807,7.268953511728078
2023-11-19 00:00:00+00:00,artisanlib,1266,44807,2.825451380364675
2023-11-19 00:00:00+00:00,role_play_framing,1056,44807,2.3567746111098713
2023-11-19 00:00:00+00:00,instruction_override,1991,44807,4.443502131363403
2023-11-19 00:00:00+00:00,direct_request,20229,44807,45.14696364407347
2023-11-19 00:00:00+00:00,code_or_pseudocode,4650,44807,10.377842747784944
2023-11-19 00:00:00+00:00,encoded_input,9437,44807,21.061441292655164
2023-11-19 00:00:00+00:00,few_shot_examples,6497,44807,14.49996652308791
2023-11-26 00:00:00+00:00,repeated_character_prefix,1390,23077,6.023313255622481
2023-11-26 00:00:00+00:00,artisanlib,88,23077,0.38133206222645927
2023-11-26 00:00:00+00:00,role_play_framing,283,23077,1.2263292455691814
2023-11-26 00:00:00+00:00,instruction_override,636,23077,2.7559908133639555
2023-11-26 00:00:00+00:00,direct_request,10094,23077,43.74052086493045
2023-11-26 00:00:00+00:00,code_or_pseudocode,1398,23077,6.057979806733978
2023-11-26 00:00:00+00:00,encoded_input,2451,23077,10.620964596784678
2023-11-26 00:00:00+00:00,few_shot_examples,2613,23077,11.322962256792477
2023-12-03 00:00:00+00:00,repeated_character_prefix,1547,15525,9.964573268921095
2023-12-03 00:00:00+00:00,artisanlib,246,15525,1.5845410628019323
2023-12-03 00:00:00+00:00,role_play_framing,109,15525,0.7020933977455717
2023-12-03 00:00:00+00:00,instruction_override,832,15525,5.359098228663446
2023-12-03 00:00:00+00:00,direct_request,6442,15525,41.49436392914654
2023-12-03 00:00:00+00:00,code_or_pseudocode,919,15525,5.919484702093397
2023-12-03 00:00:00+00:00,encoded_input,1325,15525,8.53462157809984
2023-12-03 00:00:00+00:00,few_shot_examples,1649,15525,10.621578099838969
2023-12-10 00:00:00+00:00,repeated_character_prefix,1433,33910,4.225892067236804
2023-12-10 00:00:00+00:00,artisanlib,1291,33910,3.8071365378944266
2023-12-10 00:00:00+00:00,role_play_framing,400,33910,1.1795930404010617
2023-12-10 00:00:00+00:00,instruction_override,1066,33910,3.143615452668829
2023-12-10 00:00:00+00:00,direct_request,15889,33910,46.85638454733117
2023-12-10 00:00:00+00:00,code_or_pseudocode,3071,33910,9.056325567679151
2023-12-10 00:00:00+00:00,encoded_input,8019,33910,23.647891477440282
2023-12-10 00:00:00+00:00,few_shot_examples,8464,33910,24.960188734886465
2023-12-17 00:00:00+00:00,repeated_character_prefix,464,9194,5.046769632368936
2023-12-17 00:00:00+00:00,artisanlib,740,9194,8.048727430933218
2023-12-17 00:00:00+00:00,role_play_framing,56,9194,0.6090928866652164
2023-12-17 00:00:00+00:00,instruction_override,338,9194,3.6763106373721994
2023-12-17 00:00:00+00:00,direct_request,4216,9194,45.855993038938436
2023-12-17 00:00:00+00:00,code_or_pseudocode,642,9194,6.982814879269089
2023-12-17 00:00:00+00:00,encoded_input,2673,9194,29.073308679573636
2023-12-17 00:00:00+00:00,few_shot_examples,3538,9194,38.48161844681314
2023-12-24 00:00:00+00:00,repeated_character_prefix,200,8776,2.2789425706472195
2023-12-24 00:00:00+00:00,artisanlib,535,8776,6.096171376481313
2023-12-24 00:00:00+00:00,role_play_framing,89,8776,1.0141294439380129
2023-12-24 00:00:00+00:00,instruction_override,322,8776,3.6690975387420237
2023-12-24 00:00:00+00:00,direct_request,4427,8776,50.444393801276206
2023-12-24 00:00:00+00:00,code_or_pseudocode,470,8776,5.355515041020967
2023-12-24 00:00:00+00:00,encoded_input,1951,8776,22.23108477666363
2023-12-24 00:00:00+00:00,few_shot_examples,3227,8776,36.77073837739289
2023-12-31 00:00:00+00:00,repeated_character_prefix,287,6967,4.1194201234390695
2023-12-31 00:00:00+00:00,artisanlib,104,6967,1.4927515429883738
2023-12-31 00:00:00+00:00,role_play_framing,296,6967,4.248600545428449
2023-12-31 00:00:00+00:00,instruction_override,435,6967,6.243720396153294
2023-12-31 00:00:00+00:00,direct_request,3103,6967,44.5385388258935
2023-12-31 00:00:00+00:00,code_or_pseudocode,367,6967,5.267690541122434
2023-12-31 00:00:00+00:00,encoded_input,1606,6967,23.05152863499354
2023-12-31 00:00:00+00:00,few_shot_examples,2076,6967,29.797617338883306
2024-01-07 00:00:00+00:00,repeated_character_prefix,374,7538,4.961528256832051
2024-01-07 00:00:00+00:00,artisanlib,151,7538,2.003183868400106
2024-01-07 00:00:00+00:00,role_play_framing,56,7538,0.74290262669143
2024-01-07 00:00:00+00:00,instruction_override,179,7538,2.374635181745821
2024-01-07 00:00:00+00:00,direct_request,3334,7538,44.22923852480764
2024-01-07 00:00:00+00:00,code_or_pseudocode,639,7538,8.477049615282569
2024-01-07 00:00:00+00:00,encoded_input,1030,7538,13.664101883788803
2024-01-07 00:00:00+00:00,few_shot_examples,1956,7538,25.948527460864952
2024-01-14 00:00:00+00:00,repeated_character_prefix,273,15493,1.7620861034015363
2024-01-14 00:00:00+00:00,artisanlib,188,15493,1.2134512360420835
2024-01-14 00:00:00+00:00,role_play_framing,362,15493,2.3365390821661394
2024-01-14 00:00:00+00:00,instruction_override,502,15493,3.2401729813464146
2024-01-14 00:00:00+00:00,direct_request,7241,15493,46.737236171174075
2024-01-14 00:00:00+00:00,code_or_pseudocode,1374,15493,8.86852126766927
2024-01-14 00:00:00+00:00,encoded_input,932,15493,6.015619957400117
2024-01-14 00:00:00+00:00,few_shot_examples,2159,15493,13.935325630930098
2024-01-21 00:00:00+00:00,repeated_character_prefix,669,17869,3.743914041076725
2024-01-21 00:00:00+00:00,artisanlib,247,17869,1.3822821646426773
2024-01-21 00:00:00+00:00,role_play_framing,112,17869,0.6267838155464771
2024-01-21 00:00:00+00:00,instruction_override,675,17869,3.7774917454810004
2024-01-21 00:00:00+00:00,direct_request,8912,17869,49.874083608483964
2024-01-21 00:00:00+00:00,code_or_pseudocode,828,17869,4.633723207790028
2024-01-21 00:00:00+00:00,encoded_input,2775,17869,15.529688286977446
2024-01-21 00:00:00+00:00,few_shot_examples,3581,17869,20.04029324528513
2024-01-28 00:00:00+00:00,repeated_character_prefix,1954,34899,5.599014298403966
2024-01-28 00:00:00+00:00,artisanlib,1041,34899,2.982893492650219
2024-01-28 00:00:00+00:00,role_play_framing,290,34899,0.8309693687498209
2024-01-28 00:00:00+00:00,instruction_override,607,34899,1.7393048511418665
2024-01-28 00:00:00+00:00,direct_request,14118,34899,40.45388120003439
2024-01-28 00:00:00+00:00,code_or_pseudocode,2071,34899,5.9342674575202725
2024-01-28 00:00:00+00:00,encoded_input,11288,34899,32.344766325682684
2024-01-28 00:00:00+00:00,few_shot_examples,10229,34899,29.31029542393765
2024-02-04 00:00:00+00:00,repeated_character_prefix,544,15979,3.4044683647287064
2024-02-04 00:00:00+00:00,artisanlib,761,15979,4.762500782276738
2024-02-04 00:00:00+00:00,role_play_framing,156,15979,0.9762813692972026
2024-02-04 00:00:00+00:00,instruction_override,505,15979,3.1603980224044057
2024-02-04 00:00:00+00:00,direct_request,10018,15979,62.69478690781651
2024-02-04 00:00:00+00:00,code_or_pseudocode,2279,15979,14.26246949120721
2024-02-04 00:00:00+00:00,encoded_input,4247,15979,26.578634457725766
2024-02-04 00:00:00+00:00,few_shot_examples,7118,15979,44.54596658113774
2024-02-11 00:00:00+00:00,repeated_character_prefix,312,13631,2.2889003007849755
2024-02-11 00:00:00+00:00,artisanlib,496,13631,3.638764580735089
2024-02-11 00:00:00+00:00,role_play_framing,98,13631,0.718949453451691
2024-02-11 00:00:00+00:00,instruction_override,153,13631,1.1224414936541707
2024-02-11 00:00:00+00:00,direct_request,7655,13631,56.1587557772724
2024-02-11 00:00:00+00:00,code_or_pseudocode,1236,13631,9.067566576186634
2024-02-11 00:00:00+00:00,encoded_input,2937,13631,21.546474946812413
2024-02-11 00:00:00+00:00,few_shot_examples,6028,13631,44.22272760619177
2024-02-18 00:00:00+00:00,repeated_character_prefix,74,8890,0.8323959505061868
2024-02-18 00:00:00+00:00,artisanlib,173,8890,1.9460067491563555
2024-02-18 00:00:00+00:00,role_play_framing,93,8890,1.046119235095613
2024-02-18 00:00:00+00:00,instruction_override,158,8890,1.7772778402699663
2024-02-18 00:00:00+00:00,direct_request,5171,8890,58.166479190101235
2024-02-18 00:00:00+00:00,code_or_pseudocode,798,8890,8.976377952755906
2024-02-18 00:00:00+00:00,encoded_input,1754,8890,19.73003374578178
2024-02-18 00:00:00+00:00,few_shot_examples,3089,8890,34.74690663667042
